"variable_name","theme"
"/
SI_NON_variable.estDeLInvestissement","Contenu Général"
"/
SI_NON_variable.estVentileSurCTEtatOuFonjep","Contenu Général"
"/
SI_NON_variable.estVentileSurCTFonjep","Contenu Général"
"/
SI_NON_variable.nePassePasDevantMinistere","Contenu Général"
"/
SI_variable.associationAUneDSP","Contenu Général"
"/
SI_variable.associationAffiliationsRenseignees","Contenu Général"
"/
SI_variable.associationArchipelsPratiquantesRenseignees","Contenu Général"
"/
SI_variable.associationConventionnementsRenseignes","Contenu Général"
"/
SI_variable.associationCriteresRespectesRenseignes","Contenu Général"
"/
SI_variable.associationDejaAttributaire","Contenu Général"
"/
SI_variable.estDeLInvestissement","Contenu Général"
"/
SI_variable.estUneFederationAvecDSPOuUneAssociationSportive","Contenu Général"
"/
SI_variable.estVentileSurCTEtat","Contenu Général"
"/
SI_variable.estVentileSurCTFonjep","Contenu Général"
"/
SI_variable.estVentileSurCTPays","Contenu Général"
"/
SI_variable.passeDevantCNDS","Contenu Général"
"/
SI_variable.passeDevantCTJEP","Contenu Général"
"arrete.aCompterDe","Arrêté et Références"
"arrete.dateApprobationBudget","Arrêté et Références"
"arrete.numDeliberationApprobationBudget","Arrêté et Références"
"arrete.tauxParticipationSurCoutTotalOperation","Arrêté et Références"
"association.conventionnementAvec","Informations Association"
"association.dateArreteDSP","Informations Association"
"association.libellePresident2","Informations Association"
"association.libellePresident3","Informations Association"
"association.listeArchipelsPratiqueDisciplinesN","Informations Association"
"association.listeDisciplinesDSPEnAnneeN","Informations Association"
"association.nbAssociationsAffilieesNMoinsUn","Informations Association"
"association.nbAssociationsAffilieesNMoinsUn_en_lettres","Informations Association"
"association.numArreteDSP","Informations Association"
"association.respectDe","Informations Association"
"demande.compta.centreDeTravailEtat","Données Comptables"
"demande.compta.centreDeTravailFonjep","Données Comptables"
"demande.compta.centreDeTravailInvestissement","Données Comptables"
"demande.compta.centreDeTravailPays","Données Comptables"
"demande.compta.exerciceNmoinsDeux","Données Comptables"
"demande.compta.exerciceNmoinsTrois","Données Comptables"
"demande.compta.exerciceNmoinsUn","Données Comptables"
"demande.compta.montantCTEtat","Données Comptables"
"demande.compta.montantCTEtat_en_lettres","Données Comptables"
"demande.compta.montantCTFonjep","Données Comptables"
"demande.compta.montantCTFonjep_en_lettres","Données Comptables"
"demande.compta.montantCTInvestissement","Données Comptables"
"demande.compta.montantCTInvestissement_en_lettres","Données Comptables"
"demande.compta.montantCTPays","Données Comptables"
"demande.compta.montantCTPays_en_lettres","Données Comptables"
"demande.compta.premiereFractionVersement","Données Comptables"
"demande.compta.secondeFractionVersement","Données Comptables"
"demande.dateArreteDemandeRattrapee","Demande et Subvention"
"demande.dateAvisCCBF","Demande et Subvention"
"demande.dateCourrierRenonciation","Demande et Subvention"
"demande.montantPropose","Demande et Subvention"
"demande.montantPropose_en_lettres","Demande et Subvention"
"demande.numArreteDemandeRattrapee","Demande et Subvention"
"demande.numeroAvisCCBF","Demande et Subvention"
"demande.objetDemandeRattrapee","Demande et Subvention"
"demande.typeCommissionLong","Demande et Subvention"
"demande.typeDemandeRattrapee_avec_article","Demande et Subvention"
"demandeInitiale.compta.exercice","Données Comptables"
"demandeInitiale.compta.montantPremiereFractionVersement","Données Comptables"
"demandeInitiale.compta.montantPremiereFractionVersement_en_lettres","Données Comptables"
"demandeInitiale.compta.montantSecondeFractionVersement","Données Comptables"
"demandeInitiale.compta.montantSecondeFractionVersement_en_lettres","Données Comptables"
"demandeInitiale.dateArrete","Articles du Document"
"demandeInitiale.numArrete","Articles du Document"
"global.auPresidentAPF","Articles du Document"
"global.presidentAPFCivilite","Articles du Document"
"global.presidentPFCiviliteLibelle","Articles du Document"
"local.ministreEducationCivilite","Contenu Général"
"rpcm.n.sousTotalDJS","Articles du Document"
"rpcm.n.sousTotalDJS_en_lettres","Articles du Document"
"rpcm.nMoins1.IJSPF","Données Comptables"
"rpcm.nMoins1.aidesEnNatureDJS","Données Comptables"
"rpcm.nMoins1.autresAidesDuPays","Données Comptables"
"rpcm.nMoins1.caisseDePrevoyance","Données Comptables"
"rpcm.nMoins1.communes","Données Comptables"
"rpcm.nMoins1.contratDeVille","Données Comptables"
"rpcm.nMoins1.etat","Données Comptables"
"rpcm.nMoins1.fonctionnementDJS","Données Comptables"
"rpcm.nMoins1.investissementDJS","Données Comptables"
"rpcm.nMoins1.ministereCulture","Données Comptables"
"rpcm.nMoins1.ministereEducation","Données Comptables"
"rpcm.nMoins1.ministereSante","Données Comptables"
"rpcm.nMoins1.ministereSolidarite","Données Comptables"
"rpcm.nMoins1.ministereTourisme","Données Comptables"
"rpcm.nMoins1.sousTotalAutres","Données Comptables"
"rpcm.nMoins1.sousTotalDJS","Données Comptables"
"rpcm.nMoins1.subventionsExploitation","Données Comptables"
"rpcm.nMoins1.totalGlobal","Données Comptables"
"rpcm.nMoins2.IJSPF","Données Comptables"
"rpcm.nMoins2.aidesEnNatureDJS","Données Comptables"
"rpcm.nMoins2.autresAidesDuPays","Données Comptables"
"rpcm.nMoins2.caisseDePrevoyance","Données Comptables"
"rpcm.nMoins2.communes","Données Comptables"
"rpcm.nMoins2.contratDeVille","Données Comptables"
"rpcm.nMoins2.etat","Données Comptables"
"rpcm.nMoins2.fonctionnementDJS","Données Comptables"
"rpcm.nMoins2.investissementDJS","Données Comptables"
"rpcm.nMoins2.ministereCulture","Données Comptables"
"rpcm.nMoins2.ministereEducation","Données Comptables"
"rpcm.nMoins2.ministereSante","Données Comptables"
"rpcm.nMoins2.ministereSolidarite","Données Comptables"
"rpcm.nMoins2.ministereTourisme","Données Comptables"
"rpcm.nMoins2.sousTotalAutres","Données Comptables"
"rpcm.nMoins2.sousTotalDJS","Données Comptables"
"rpcm.nMoins2.subventionsExploitation","Données Comptables"
"rpcm.nMoins2.totalGlobal","Données Comptables"
"rpcm.nMoins3.IJSPF","Données Comptables"
"rpcm.nMoins3.aidesEnNatureDJS","Données Comptables"
"rpcm.nMoins3.autresAidesDuPays","Données Comptables"
"rpcm.nMoins3.caisseDePrevoyance","Données Comptables"
"rpcm.nMoins3.communes","Données Comptables"
"rpcm.nMoins3.contratDeVille","Données Comptables"
"rpcm.nMoins3.etat","Données Comptables"
"rpcm.nMoins3.fonctionnementDJS","Données Comptables"
"rpcm.nMoins3.investissementDJS","Données Comptables"
"rpcm.nMoins3.ministereCulture","Données Comptables"
"rpcm.nMoins3.ministereEducation","Données Comptables"
"rpcm.nMoins3.ministereSante","Données Comptables"
"rpcm.nMoins3.ministereSolidarite","Données Comptables"
"rpcm.nMoins3.ministereTourisme","Données Comptables"
"rpcm.nMoins3.sousTotalAutres","Données Comptables"
"rpcm.nMoins3.sousTotalDJS","Données Comptables"
"rpcm.nMoins3.subventionsExploitation","Données Comptables"
"rpcm.nMoins3.totalGlobal","Données Comptables"
"variable.associationAUneDSP","Variables de Contrôle"
"variable.associationAUneDureeIllimite","Variables de Contrôle"
"variable.associationAffiliationsRenseignees","Variables de Contrôle"
"variable.associationArchipelsPratiquantesRenseignees","Variables de Contrôle"
"variable.associationCompositionNMoinsUnRenseignees","Variables de Contrôle"
"variable.associationConventionnementsRenseignes","Variables de Contrôle"
"variable.associationCriteresRespectesRenseignes","Variables de Contrôle"
"variable.associationDejaAttributaire","Variables de Contrôle"
"variable.auMoinsUnEtatRecapitulatifTransmis","Variables de Contrôle"
"variable.avecAideEmploi","Variables de Contrôle"
"variable.demandeAUnAvisCCBF","Variables de Contrôle"
"variable.demandeEstUrgente","Variables de Contrôle"
"variable.demandeNEstPasUrgente","Variables de Contrôle"
"variable.estDomaineJeunesse","Variables de Contrôle"
"variable.estDomaineSport","Variables de Contrôle"
"variable.estUnRattrapage","Variables de Contrôle"
"variable.estUneFederationAvecDSPOuUneAssociationSportive","Variables de Contrôle"
"variable.estVentileSurCTEtat","Variables de Contrôle"
"variable.estVentileSurCTEtatOuFonjep","Variables de Contrôle"
"variable.estVentileSurCTFonjep","Variables de Contrôle"
"variable.estVentileSurCTPays","Variables de Contrôle"
"variable.nePassePasDevantMinistere","Variables de Contrôle"
"variable.passeDevantAPFNonUrgent","Variables de Contrôle"
"variable.passeDevantAPFUrgent","Variables de Contrôle"
"variable.passeDevantCCBF","Variables de Contrôle"
"variable.passeDevantCNDS","Variables de Contrôle"
"variable.passeDevantCTJEP","Variables de Contrôle"
"variable.possedeDetailsSurLeProjet","Variables de Contrôle"
"variable.renonciationPartielleApresDeuxVersementsEffectues","Variables de Contrôle"
"variable.renonciationPartielleApresUnVersementEffectue","Variables de Contrôle"
"variable.renonciationPartielleAvantVersements","Variables de Contrôle"
"variable.renonciationTotaleAvantVersements","Variables de Contrôle"
"variable.sansAideEmploi","Variables de Contrôle"
"variable.versementsPasDuToutJustifies","Variables de Contrôle"
"variable.versementsPasTotalementJustifies","Variables de Contrôle"
